,Start_Year,Semester,Major,CPI_Region3_rolling_std,Inflation_Rate_rolling_std_lag_1,Number_of_Applicants_lag_1,Number_of_Applicants_rolling_std,HFCE_Education_lag_1,HFCE_Education_rolling_std,HFCE_lag_1,HFCE_rolling_std,Previous_Semester,1st_Year_rolling_std_lag_1,TOTAL_lag_1,Department_PC1,Department_PC2,Major_PC1,Major_PC2,SHS-ABM_lag_1,SHS-GenAcad_lag_1,SHS-HUMSS_lag_1,SHS-STEM_lag_1,SHS-TVL-HE_lag_1,SHS-TVL-ICT_lag_1,Total_Previous_Semester_Students_lag_1,Percentage_Distribution_lag_1
0,2021,1,ABPsychology,2.3765988770135884,1.5012084295874601,404.0,668.7543146278241,170945.25,18971.55360269687,3369019.0,347674.9444448579,0.0,1.9999999999789981,0.0,-0.011830295790282917,-0.052974449229903436,-5.039827813456064e-18,-5.476068597875445e-19,262.0,181.0,173.0,624.0,136.0,0.0,2636.0,0.0
1,2021,2,ABPsychology,2.3765988770135884,1.5012084295874601,404.0,668.7543146278241,170945.25,18971.55360269687,3369019.0,347674.9444448579,19.0,3.9999999999863576,19.0,-0.011830295790282917,-0.052974449229903436,-5.039827813456064e-18,-5.476068597875445e-19,255.0,96.0,170.0,732.0,94.0,80.0,3081.0,0.6166828951639078
2,2022,1,ABPsychology,1.6104641900419443,1.2499053464573608,239.0,713.5897514211729,187892.75,18281.951207862552,3652136.75,401563.6837846721,19.0,4.163331998919122,19.0,-0.011830295790282917,-0.052974449229903436,-5.039827813456064e-18,-5.476068597875445e-19,255.0,98.0,169.0,727.0,93.0,80.0,2823.0,0.6730428622033299
3,2022,2,ABPsychology,1.6104641900419443,1.2499053464573608,239.0,713.5897514211729,187892.75,18281.951207862552,3652136.75,401563.6837846721,41.0,1.5275252316238297,60.0,-0.011830295790282917,-0.052974449229903436,-5.039827813456064e-18,-5.476068597875445e-19,286.0,56.0,147.0,710.0,75.0,72.0,3199.0,1.2816505157861833
4,2023,1,ABPsychology,1.5754136728938168,1.5967743906340561,229.0,766.0876799253023,207865.5,22579.022427354994,4181261.25,523063.3847503741,33.0,0.5773502691060707,53.0,-0.011830295790282917,-0.052974449229903436,-5.039827813456064e-18,-5.476068597875445e-19,283.0,53.0,141.0,711.0,72.0,70.0,2945.0,1.1205432937181663
