,Start_Year,Semester,Major,1st_Year_lag_1,Total_1st_Year_Students_lag_1,Percentage_Distribution_lag_1
185,2021,1,ABPsychology,0.0,2636.0,0.0
236,2021,2,ABPsychology,19.0,3081.0,0.6166828951639078
286,2022,1,ABPsychology,19.0,2823.0,0.6730428622033299
337,2022,2,ABPsychology,41.0,3199.0,1.2816505157861833
388,2023,1,ABPsychology,33.0,2945.0,1.1205432937181663
439,2023,2,ABPsychology,39.0,2899.0,1.345291479820628
490,2024,1,ABPsychology,25.0,2661.0,0.9394964299135663
