Start_Year,Semester,Major,Prediction,Is_Train
2019,1,BSCompsci,75.5884220301869,True
2019,2,BSCompsci,75.56701404388781,True
2020,1,BSCompsci,51.319074413637395,True
2020,2,BSCompsci,49.16444164968593,True
2021,1,BSCompsci,76.43085990792102,True
2021,2,BSCompsci,70.67235069704365,True
2022,1,BSCompsci,110.54012305946829,True
2022,2,BSCompsci,103.70930956633006,True
2023,1,BSCompsci,168.19817842816775,True
2023,2,BSCompsci,152.8543734923189,False
