Start_Year,Semester,Major,Prediction,Is_Train
2020,1,BSCybersecurity,11.263277753776363,True
2021,1,BSCybersecurity,9.998021837112312,True
2021,2,BSCybersecurity,17.04046764959966,True
2022,1,BSCybersecurity,21.56708289564469,True
2022,2,BSCybersecurity,25.774110997316466,True
2023,1,BSCybersecurity,27.128076931081246,True
2023,2,BSCybersecurity,26.773126403036823,False
