Start_Year,Semester,Major,Prediction,Is_Train
2019,1,BSCompsci,63.364531677151334,True
2019,2,BSCompsci,64.70987664341106,True
2020,1,BSCompsci,60.7117154694513,True
2020,2,BSCompsci,57.369967603058655,True
2021,1,BSCompsci,60.75618331346753,True
2021,2,BSCompsci,70.06085756922513,True
2022,1,BSCompsci,75.86764867109112,True
2022,2,BSCompsci,94.82605893660856,True
2023,1,BSCompsci,107.91408960541568,True
2023,2,BSCompsci,129.2175632130533,False
